"日期","股票代码","股票名称","收盘价","最高价","最低价","开盘价","前收盘","涨跌额","涨跌幅","换手率","成交量","成交金额","总市值","流通市值","成交笔数"
2018-01-02,"600519",贵州茅台,703.85,710.16,689.89,700.0,697.49,6.36,0.9118,0.3949,4961248,3482407646.0,884174821530,884174821530,
2018-01-03,"600519",贵州茅台,715.86,721.4,699.74,701.5,703.85,12.01,1.7063,0.4141,5201941,3713523701.0,899261757108,899261757108,
2018-01-04,"600519",贵州茅台,737.07,743.5,719.33,721.4,715.86,21.21,2.9629,0.5748,7220508,5309890210.0,925905712446,925905712446,
2018-01-05,"600519",贵州茅台,738.36,746.03,728.22,741.0,737.07,1.29,0.175,0.3183,3998907,2946493013.0,927526207608,927526207608,
2018-01-08,"600519",贵州茅台,752.13,756.5,735.02,735.02,738.36,13.77,1.8649,0.4156,5220456,3899951720.0,944824051314,944824051314,
2018-01-09,"600519",贵州茅台,782.52,783.0,752.21,752.21,752.13,30.39,4.0405,0.5142,6459195,5001164506.0,982999902456,982999902456,
2018-01-10,"600519",贵州茅台,785.71,788.88,773.48,785.0,782.52,3.19,0.4077,0.3798,4771424,3731993154.0,987007173438,987007173438,
2018-01-11,"600519",贵州茅台,774.81,788.0,772.0,787.0,785.71,-10.9,-1.3873,0.4032,5065607,3942075854.0,973314617418,973314617418,
2018-01-12,"600519",贵州茅台,788.42,788.8,767.02,773.77,774.81,13.61,1.7566,0.3661,4598824,3577281776.0,990411469476,990411469476,
2018-01-15,"600519",贵州茅台,785.37,799.06,779.02,793.46,788.42,-3.05,-0.3868,0.4177,5247313,4136645487.0,986580066186,986580066186,
2018-01-16,"600519",贵州茅台,772.94,788.61,768.0,780.48,785.37,-12.43,-1.5827,0.5208,6542833,5084966063.0,970965527532,970965527532,
2018-01-17,"600519",贵州茅台,747.93,774.0,738.51,770.0,772.94,-25.01,-3.2357,0.7221,9070954,6835580477.0,939548020554,939548020554,
2018-01-18,"600519",贵州茅台,750.74,765.0,744.09,747.93,747.93,2.81,0.3757,0.4695,5897851,4443031234.0,943077936372,943077936372,
2018-01-19,"600519",贵州茅台,750.18,758.9,739.02,752.9,750.74,-0.56,-0.0746,0.4054,5092556,3818021990.0,942374465604,942374465604,
2018-01-22,"600519",贵州茅台,773.64,774.0,751.81,751.81,750.18,23.46,3.1272,0.5344,6712675,5129674653.0,971844865992,971844865992,
2018-01-23,"600519",贵州茅台,773.78,780.0,768.6,777.81,773.64,0.14,0.0181,0.3944,4954918,3836387690.0,972020733684,972020733684,
2018-01-24,"600519",贵州茅台,764.46,776.46,758.6,776.44,773.78,-9.32,-1.2045,0.3447,4329881,3311348774.0,960312970188,960312970188,
2018-01-25,"600519",贵州茅台,769.16,776.0,751.0,761.0,764.46,4.7,0.6148,0.3984,5004072,3821875040.0,966217099848,966217099848,
2018-01-26,"600519",贵州茅台,777.22,777.4,764.0,767.24,769.16,8.06,1.0479,0.3501,4397833,3389953777.0,976342054116,976342054116,
2018-01-29,"600519",贵州茅台,736.32,779.67,735.0,778.76,777.22,-40.9,-5.2623,0.5933,7453551,5637041971.0,924963564096,924963564096,
2018-01-30,"600519",贵州茅台,742.08,748.77,730.02,736.0,736.32,5.76,0.7823,0.4132,5191103,3852705098.0,932199263424,932199263424,
2018-01-31,"600519",贵州茅台,764.54,771.71,739.0,739.0,742.08,22.46,3.0266,0.4808,6040241,4601994781.0,960413466012,960413466012,
2018-02-01,"600519",贵州茅台,757.73,767.3,752.92,767.0,764.54,-6.81,-0.8907,0.4027,5058261,3846421613.0,951858758994,951858758994,
2018-02-02,"600519",贵州茅台,740.4,753.23,725.0,752.22,757.73,-17.33,-2.2871,0.6004,7542082,5583742782.0,930088851120,930088851120,
2018-02-05,"600519",贵州茅台,718.23,729.96,705.6,727.22,740.4,-22.17,-2.9943,0.7881,9899585,7104095616.0,902238945894,902238945894,
2018-02-06,"600519",贵州茅台,708.86,722.6,703.0,703.0,718.23,-9.37,-1.3046,0.7019,8816871,6270888575.0,890468372508,890468372508,
2018-02-07,"600519",贵州茅台,683.43,723.88,682.01,720.0,708.86,-25.43,-3.5875,0.7028,8828998,6231141116.0,858523262454,858523262454,
2018-02-08,"600519",贵州茅台,700.99,718.0,682.2,682.2,683.43,17.56,2.5694,0.664,8340943,5860233484.0,880582095822,880582095822,
2018-02-09,"600519",贵州茅台,683.43,689.89,658.0,680.0,700.99,-17.56,-2.505,0.8405,10557826,7160206330.0,858523262454,858523262454,
2018-02-12,"600519",贵州茅台,697.48,705.5,685.2,691.0,683.43,14.05,2.0558,0.5109,6417955,4466343242.0,876172841544,876172841544,
2018-02-13,"600519",贵州茅台,711.98,714.82,704.5,705.02,697.48,14.5,2.0789,0.425,5338918,3793782378.0,894387709644,894387709644,
2018-02-14,"600519",贵州茅台,718.45,720.0,712.22,720.0,711.98,6.47,0.9087,0.244,3065260,2198728707.0,902515309410,902515309410,
2018-02-22,"600519",贵州茅台,742.45,744.0,723.24,727.3,718.45,24.0,3.3405,0.4041,5076469,3717469267.0,932664056610,932664056610,
2018-02-23,"600519",贵州茅台,742.48,756.56,737.0,747.0,742.45,0.03,0.004,0.3038,3815877,2844936758.0,932701742544,932701742544,
2018-02-26,"600519",贵州茅台,743.51,752.05,733.02,746.88,742.48,1.03,0.1387,0.3475,4365824,3243216345.0,933995626278,933995626278,
2018-02-27,"600519",贵州茅台,737.98,756.0,737.22,749.0,743.51,-5.53,-0.7438,0.3391,4260154,3181778842.0,927048852444,927048852444,
2018-02-28,"600519",贵州茅台,725.62,742.3,719.0,732.0,737.98,-12.36,-1.6748,0.3847,4833067,3522004686.0,911522247636,911522247636,
2018-03-01,"600519",贵州茅台,741.97,746.85,723.77,728.0,725.62,16.35,2.2532,0.3566,4479465,3303604159.0,932061081666,932061081666,
2018-03-02,"600519",贵州茅台,736.41,743.56,730.0,738.0,741.97,-5.56,-0.7494,0.2069,2599190,1912613830.0,925076621898,925076621898,
2018-03-05,"600519",贵州茅台,720.11,742.0,717.03,738.18,736.41,-16.3,-2.2134,0.2964,3723470,2703926955.0,904600597758,904600597758,
2018-03-06,"600519",贵州茅台,718.26,727.6,697.13,725.0,720.11,-1.85,-0.2569,0.514,6457036,4581658583.0,902276631828,902276631828,
2018-03-07,"600519",贵州茅台,710.04,724.0,708.99,715.0,718.26,-8.22,-1.1444,0.2754,3459594,2480929043.0,891950685912,891950685912,
2018-03-08,"600519",贵州茅台,722.76,724.0,708.0,714.0,710.04,12.72,1.7914,0.2814,3534930,2540452000.0,907929521928,907929521928,
2018-03-09,"600519",贵州茅台,728.2,732.57,723.5,727.55,722.76,5.44,0.7527,0.2402,3017100,2199081672.0,914763237960,914763237960,
2018-03-12,"600519",贵州茅台,723.95,733.92,722.77,729.55,728.2,-4.25,-0.5836,0.3175,3988841,2900950557.0,909424397310,909424397310,
2018-03-13,"600519",贵州茅台,710.35,726.6,710.0,723.0,723.95,-13.6,-1.8786,0.3071,3857709,2764426996.0,892340107230,892340107230,
2018-03-14,"600519",贵州茅台,726.88,728.08,707.22,709.67,710.35,16.53,2.327,0.2974,3735576,2683830110.0,913105056864,913105056864,
2018-03-15,"600519",贵州茅台,746.47,747.0,728.02,728.02,726.88,19.59,2.6951,0.447,5614879,4161645760.0,937713971766,937713971766,
2018-03-16,"600519",贵州茅台,739.85,753.98,738.88,747.6,746.47,-6.62,-0.8868,0.2854,3585552,2676682524.0,929397942330,929397942330,
2018-03-19,"600519",贵州茅台,753.48,753.99,739.0,743.97,739.85,13.63,1.8423,0.3078,3866658,2897348542.0,946519918344,946519918344,
2018-03-20,"600519",贵州茅台,747.73,752.0,740.0,750.0,753.48,-5.75,-0.7631,0.2299,2887720,2154897794.0,939296780994,939296780994,
2018-03-21,"600519",贵州茅台,742.0,753.11,740.0,750.11,747.73,-5.73,-0.7663,0.2129,2674271,1996584261.0,932098767600,932098767600,
2018-03-22,"600519",贵州茅台,726.08,748.0,724.01,744.0,742.0,-15.92,-2.1456,0.2984,3748697,2748721669.0,912100098624,912100098624,
2018-03-23,"600519",贵州茅台,711.06,723.49,700.08,701.0,726.08,-15.02,-2.0686,0.4183,5254677,3727044980.0,893232007668,893232007668,
2018-03-26,"600519",贵州茅台,713.49,715.06,701.88,708.0,711.06,2.43,0.3417,0.3682,4625611,3276880070.0,896284568322,896284568322,
2018-03-27,"600519",贵州茅台,714.74,725.88,704.0,723.0,713.49,1.25,0.1752,0.3785,4754844,3399900239.0,897854815572,897854815572,
2018-03-28,"600519",贵州茅台,682.05,703.0,669.0,699.97,714.74,-32.69,-4.5737,0.9038,11353972,7786098263.0,856789709490,856789709490,
2018-03-29,"600519",贵州茅台,689.1,697.85,658.41,682.2,682.05,7.05,1.0336,0.6295,7908196,5362890034.0,865645903980,865645903980,
2018-03-30,"600519",贵州茅台,683.62,693.5,679.88,686.0,689.1,-5.48,-0.7952,0.2909,3654028,2502696336.0,858761940036,858761940036,
2018-04-02,"600519",贵州茅台,680.06,691.0,674.11,680.0,683.62,-3.56,-0.5208,0.255,3203908,2185060765.0,854289875868,854289875868,
2018-04-03,"600519",贵州茅台,677.91,687.0,675.39,678.0,680.06,-2.15,-0.3161,0.3203,4023558,2737509485.0,851589050598,851589050598,
2018-04-04,"600519",贵州茅台,694.01,700.43,680.38,682.0,677.91,16.1,2.3749,0.4529,5689131,3948712791.0,871813835178,871813835178,
2018-04-09,"600519",贵州茅台,698.3,705.43,690.15,697.1,694.01,4.29,0.6181,0.2454,3083305,2149178951.0,877202923740,877202923740,
2018-04-10,"600519",贵州茅台,708.02,708.5,698.46,704.8,698.3,9.72,1.392,0.2551,3204325,2252069676.0,889413166356,889413166356,
2018-04-11,"600519",贵州茅台,705.36,714.78,703.02,710.0,708.02,-2.66,-0.3757,0.2048,2572318,1822237882.0,886071680208,886071680208,
2018-04-12,"600519",贵州茅台,694.2,706.88,692.22,704.0,705.36,-11.16,-1.5822,0.2445,3071361,2139139504.0,872052512760,872052512760,
2018-04-13,"600519",贵州茅台,686.86,701.0,685.08,698.5,694.2,-7.34,-1.0573,0.2193,2754952,1904051062.0,862832020908,862832020908,
2018-04-16,"600519",贵州茅台,681.38,686.85,677.0,680.58,686.86,-5.48,-0.7978,0.2622,3293967,2241463093.0,855948056964,855948056964,
2018-04-17,"600519",贵州茅台,666.2,685.38,665.6,685.0,681.38,-15.18,-2.2278,0.28,3517276,2377407817.0,836878974360,836878974360,
2018-04-18,"600519",贵州茅台,655.64,671.0,645.0,671.0,666.2,-10.56,-1.5851,0.4985,6261660,4104175827.0,823613525592,823613525592,
2018-04-19,"600519",贵州茅台,679.96,680.0,656.66,659.85,655.64,24.32,3.7094,0.3519,4420757,2976468492.0,854164256088,854164256088,
2018-04-20,"600519",贵州茅台,670.26,694.0,668.23,681.0,679.96,-9.7,-1.4266,0.3305,4151168,2831559751.0,841979137428,841979137428,
2018-04-23,"600519",贵州茅台,674.01,680.33,666.01,666.01,670.26,3.75,0.5595,0.26,3265920,2196761047.0,846689879178,846689879178,
2018-04-24,"600519",贵州茅台,689.88,693.5,675.0,676.0,674.01,15.87,2.3546,0.3764,4728256,3252280969.0,866625738264,866625738264,
2018-04-25,"600519",贵州茅台,690.97,692.0,683.02,689.0,689.88,1.09,0.158,0.201,2525222,1738767067.0,867994993866,867994993866,
2018-04-26,"600519",贵州茅台,678.23,692.28,673.0,692.0,690.97,-12.74,-1.8438,0.279,3504790,2378744475.0,851991033894,851991033894,
2018-04-27,"600519",贵州茅台,662.53,688.36,655.0,685.25,678.23,-15.7,-2.3148,0.461,5791521,3866680412.0,832268728434,832268728434,
2018-05-02,"600519",贵州茅台,667.83,668.99,645.06,660.0,662.53,5.3,0.8,0.5593,7025911,4589885607.0,838926576774,838926576774,
2018-05-03,"600519",贵州茅台,670.88,673.68,658.0,666.0,667.83,3.05,0.4567,0.2892,3632653,2426248236.0,842757980064,842757980064,
2018-05-04,"600519",贵州茅台,662.87,674.83,660.57,670.98,670.88,-8.01,-1.194,0.2975,3737584,2492610223.0,832695835686,832695835686,
2018-05-07,"600519",贵州茅台,698.17,701.88,657.77,659.95,662.87,35.3,5.3253,0.6814,8559143,5858519223.0,877039618026,877039618026,
2018-05-08,"600519",贵州茅台,708.83,712.13,698.03,698.03,698.17,10.66,1.5268,0.4975,6249783,4414037853.0,890430686574,890430686574,
2018-05-09,"600519",贵州茅台,701.95,712.3,697.12,709.08,708.83,-6.88,-0.9706,0.2574,3233106,2267880036.0,881788045710,881788045710,
2018-05-10,"600519",贵州茅台,714.19,716.0,703.5,703.5,701.95,12.24,1.7437,0.3128,3929380,2794919589.0,897163906782,897163906782,
2018-05-11,"600519",贵州茅台,718.02,730.5,715.7,718.69,714.19,3.83,0.5363,0.3116,3914165,2826877192.0,901975144356,901975144356,
2018-05-14,"600519",贵州茅台,742.41,743.0,724.0,724.0,718.02,24.39,3.3968,0.4061,5101471,3753818029.0,932613808698,932613808698,
2018-05-15,"600519",贵州茅台,743.06,746.44,734.0,746.0,742.41,0.65,0.0876,0.3029,3805580,2811622722.0,933430337268,933430337268,
2018-05-16,"600519",贵州茅台,734.52,745.66,733.28,740.0,743.06,-8.54,-1.1493,0.2451,3079520,2275092450.0,922702408056,922702408056,
2018-05-17,"600519",贵州茅台,727.38,737.5,724.0,735.12,734.52,-7.14,-0.9721,0.227,2851793,2077476640.0,913733155764,913733155764,
2018-05-18,"600519",贵州茅台,739.32,741.0,721.19,723.99,727.38,11.94,1.6415,0.2329,2925517,2140724039.0,928732157496,928732157496,
2018-05-21,"600519",贵州茅台,734.82,747.3,732.48,744.0,739.32,-4.5,-0.6087,0.2313,2905958,2150582003.0,923079267396,923079267396,
2018-05-22,"600519",贵州茅台,739.57,739.84,730.02,735.22,734.82,4.75,0.6464,0.1353,1699896,1250693946.0,929046206946,929046206946,
2018-05-23,"600519",贵州茅台,723.78,740.0,723.58,740.0,739.57,-15.79,-2.135,0.225,2826871,2061375201.0,909210843684,909210843684,
2018-05-24,"600519",贵州茅台,715.4,728.66,713.0,720.0,723.78,-8.38,-1.1578,0.2421,3041634,2191695815.0,898683906120,898683906120,
2018-05-25,"600519",贵州茅台,716.86,727.0,712.0,712.0,715.4,1.46,0.2041,0.211,2651146,1908701139.0,900517954908,900517954908,
2018-05-28,"600519",贵州茅台,740.4,740.66,715.12,718.0,716.86,23.54,3.2838,0.3408,4280523,3129960293.0,930088851120,930088851120,
2018-05-29,"600519",贵州茅台,731.43,750.0,731.28,738.8,740.4,-8.97,-1.2115,0.325,4082027,3029700817.0,918820756854,918820756854,
2018-05-30,"600519",贵州茅台,725.87,737.3,720.05,727.22,731.43,-5.56,-0.7602,0.2957,3714710,2706486799.0,911836297086,911836297086,
2018-05-31,"600519",贵州茅台,751.13,751.62,730.24,730.25,725.87,25.26,3.48,0.572,7185287,5356222572.0,943567853514,943567853514,
2018-06-01,"600519",贵州茅台,745.11,754.98,738.76,751.13,751.13,-6.02,-0.8015,0.288,3617763,2694415012.0,936005542758,936005542758,
2018-06-04,"600519",贵州茅台,781.97,782.9,745.88,752.35,745.11,36.86,4.9469,0.5875,7380597,5697540359.0,982308993666,982308993666,
2018-06-05,"600519",贵州茅台,788.05,794.7,777.23,786.5,781.97,6.08,0.7775,0.419,5262967,4136578583.0,989946676290,989946676290,
2018-06-06,"600519",贵州茅台,785.75,800.95,782.3,788.0,788.05,-2.3,-0.2919,0.3898,4896948,3870616725.0,987057421350,987057421350,
2018-06-07,"600519",贵州茅台,780.97,795.55,778.9,789.98,785.75,-4.78,-0.6083,0.3118,3916778,3078137471.0,981052795866,981052795866,
2018-06-08,"600519",贵州茅台,777.95,785.9,770.0,780.0,780.97,-3.02,-0.3867,0.2783,3495846,2712363711.0,977259078510,977259078510,
2018-06-11,"600519",贵州茅台,775.73,786.0,768.33,776.05,777.95,-2.22,-0.2854,0.2909,3654755,2837404005.0,974470319394,974470319394,
2018-06-12,"600519",贵州茅台,799.19,803.5,776.5,778.0,775.73,23.46,3.0242,0.4401,5528708,4385043270.0,1003940719780,1003940719780,
2018-06-13,"600519",贵州茅台,790.33,802.62,788.88,800.0,799.19,-8.86,-1.1086,0.2806,3524437,2803441679.0,992810807274,992810807274,
2018-06-14,"600519",贵州茅台,786.13,793.8,775.18,790.0,790.33,-4.2,-0.5314,0.2878,3615961,2830514231.0,987534776514,987534776514,
2018-06-15,"600519",XD贵州茅,773.33,778.58,769.1,773.2,775.13,-1.8,-0.2322,0.2524,3170773,2455441877.0,971455444674,971455444674,
2018-06-19,"600519",贵州茅台,738.0,769.0,737.0,769.0,773.33,-35.33,-4.5686,0.4792,6019587,4535664030.0,927073976400,927073976400,
2018-06-20,"600519",贵州茅台,763.59,765.0,741.0,741.0,738.0,25.59,3.4675,0.3649,4583802,3454583693.0,959220078102,959220078102,
2018-06-21,"600519",贵州茅台,759.32,778.89,758.77,765.22,763.59,-4.27,-0.5592,0.3119,3918255,3013867644.0,953856113496,953856113496,
2018-06-22,"600519",贵州茅台,766.53,767.0,750.0,754.0,759.32,7.21,0.9495,0.2297,2885481,2190055865.0,962913299634,962913299634,
2018-06-25,"600519",贵州茅台,765.56,778.97,764.9,766.0,766.53,-0.97,-0.1265,0.2622,3293416,2543272262.0,961694787768,961694787768,
2018-06-26,"600519",贵州茅台,754.8,769.88,747.0,765.31,765.56,-10.76,-1.4055,0.3708,4657798,3516945435.0,948178099440,948178099440,
2018-06-27,"600519",贵州茅台,722.44,757.0,721.0,752.0,754.8,-32.36,-4.2872,0.4561,5729801,4194739085.0,907527538632,907527538632,
2018-06-28,"600519",贵州茅台,710.93,719.0,697.0,714.0,722.44,-11.51,-1.5932,0.4047,5083394,3610842734.0,893068701954,893068701954,
2018-06-29,"600519",贵州茅台,731.46,732.3,705.0,712.3,710.93,20.53,2.8878,0.2621,3292927,2378884218.0,918858442788,918858442788,
2018-07-02,"600519",贵州茅台,711.55,739.33,703.0,734.52,731.46,-19.91,-2.722,0.299,3755811,2709882026.0,893847544590,893847544590,
2018-07-03,"600519",贵州茅台,694.92,715.78,678.23,709.76,711.55,-16.63,-2.3372,0.6594,8283710,5743330241.0,872956975176,872956975176,
2018-07-04,"600519",贵州茅台,690.91,700.0,688.0,692.0,694.92,-4.01,-0.577,0.3024,3799075,2637494710.0,867919621998,867919621998,
2018-07-05,"600519",贵州茅台,702.39,716.2,700.0,700.0,690.91,11.48,1.6616,0.3751,4712380,3333680083.0,882340772742,882340772742,
2018-07-06,"600519",贵州茅台,714.12,720.93,699.26,707.0,702.39,11.73,1.67,0.3515,4415661,3140922350.0,897075972936,897075972936,
2018-07-09,"600519",贵州茅台,727.24,729.86,719.73,720.03,714.12,13.12,1.8372,0.323,4057266,2944655287.0,913557288072,913557288072,
2018-07-10,"600519",贵州茅台,725.76,731.5,713.33,729.0,727.24,-1.48,-0.2035,0.2309,2901047,2096683487.0,911698115328,911698115328,
2018-07-11,"600519",贵州茅台,719.58,724.0,702.22,710.0,725.76,-6.18,-0.8515,0.1933,2427845,1736875980.0,903934812924,903934812924,
2018-07-12,"600519",贵州茅台,737.54,741.17,718.0,718.0,719.58,17.96,2.4959,0.3198,4017004,2947129140.0,926496125412,926496125412,
2018-07-13,"600519",贵州茅台,746.99,748.1,735.12,742.3,737.54,9.45,1.2813,0.2301,2890704,2152944602.0,938367194622,938367194622,
2018-07-16,"600519",贵州茅台,754.68,764.11,751.03,752.3,746.99,7.69,1.0295,0.2585,3247487,2454501604.0,948027355704,948027355704,
2018-07-17,"600519",贵州茅台,742.43,757.0,736.02,757.0,754.68,-12.25,-1.6232,0.2214,2780603,2064190615.0,932638932654,932638932654,
2018-07-18,"600519",贵州茅台,737.44,749.69,735.0,742.43,742.43,-4.99,-0.6721,0.1952,2452171,1818760392.0,926370505632,926370505632,
2018-07-19,"600519",贵州茅台,740.95,743.95,735.02,739.0,737.44,3.51,0.476,0.1439,1807850,1337080011.0,930779759910,930779759910,
2018-07-20,"600519",贵州茅台,741.13,743.13,728.0,741.5,740.95,0.18,0.0243,0.2432,3054850,2249792135.0,931005875514,931005875514,
2018-07-23,"600519",贵州茅台,732.07,741.15,720.01,736.0,741.13,-9.06,-1.2225,0.2863,3596989,2621763717.0,919624723446,919624723446,
2018-07-24,"600519",贵州茅台,745.4,747.3,723.0,732.68,732.07,13.33,1.8209,0.3328,4180860,3091209135.0,936369840120,936369840120,
2018-07-25,"600519",贵州茅台,743.81,749.88,740.01,746.95,745.4,-1.59,-0.2133,0.1731,2174388,1618737612.0,934372485618,934372485618,
2018-07-26,"600519",贵州茅台,735.62,748.9,734.23,748.9,743.81,-8.19,-1.1011,0.1836,2306726,1707662628.0,924084225636,924084225636,
2018-07-27,"600519",贵州茅台,738.56,744.3,730.0,736.0,735.62,2.94,0.3997,0.1665,2091360,1546655260.0,927777447168,927777447168,
2018-07-30,"600519",贵州茅台,719.21,740.66,715.0,738.9,738.56,-19.35,-2.62,0.3357,4217166,3058614520.0,903470019738,903470019738,
2018-07-31,"600519",贵州茅台,726.44,727.88,719.21,720.3,719.21,7.23,1.0053,0.1647,2068346,1499353469.0,912552329832,912552329832,
2018-08-01,"600519",贵州茅台,714.94,732.3,714.11,731.4,726.44,-11.5,-1.5831,0.2009,2523788,1821933661.0,898106055132,898106055132,
2018-08-02,"600519",贵州茅台,695.84,715.97,687.88,715.97,714.94,-19.1,-2.6716,0.4378,5500143,3840134516.0,874112677152,874112677152,
2018-08-03,"600519",贵州茅台,678.99,695.0,676.2,695.0,695.84,-16.85,-2.4215,0.3768,4733699,3230239085.0,852945744222,852945744222,
2018-08-06,"600519",贵州茅台,669.68,684.0,662.25,677.0,678.99,-9.31,-1.3712,0.3602,4524812,3039091096.0,841250542704,841250542704,
2018-08-07,"600519",贵州茅台,686.28,687.83,662.02,672.3,669.68,16.6,2.4788,0.3111,3908559,2645263310.0,862103426184,862103426184,
2018-08-08,"600519",贵州茅台,676.22,689.0,671.87,687.02,686.28,-10.06,-1.4659,0.2363,2968544,2016438669.0,849466076316,849466076316,
2018-08-09,"600519",贵州茅台,691.88,694.5,670.12,671.0,676.22,15.66,2.3158,0.2745,3448575,2368461339.0,869138133864,869138133864,
2018-08-10,"600519",贵州茅台,687.18,694.77,684.2,691.88,691.88,-4.7,-0.6793,0.1896,2381767,1643993563.0,863234004204,863234004204,
2018-08-13,"600519",贵州茅台,679.22,683.0,666.68,683.0,687.18,-7.96,-1.1584,0.2752,3457041,2329262063.0,853234669716,853234669716,
2018-08-14,"600519",贵州茅台,680.13,684.5,673.51,679.22,679.22,0.91,0.134,0.1727,2169683,1474124248.0,854377809714,854377809714,
2018-08-15,"600519",贵州茅台,662.8,680.0,661.0,679.8,680.13,-17.33,-2.548,0.2786,3499709,2336994709.0,832607901840,832607901840,
2018-08-16,"600519",贵州茅台,648.44,668.5,640.0,652.0,662.8,-14.36,-2.1666,0.4772,5993985,3908421566.0,814568901432,814568901432,
2018-08-17,"600519",贵州茅台,634.86,657.5,630.01,657.5,648.44,-13.58,-2.0943,0.3708,4657457,3001465861.0,797509735308,797509735308,
2018-08-20,"600519",贵州茅台,644.79,645.55,616.86,632.45,634.86,9.93,1.5641,0.3889,4885234,3081035729.0,809983779462,809983779462,
2018-08-21,"600519",贵州茅台,671.49,672.3,647.0,647.0,644.79,26.7,4.1409,0.4159,5224902,3460897975.0,843524260722,843524260722,
2018-08-22,"600519",贵州茅台,667.7,673.2,663.0,671.0,671.49,-3.79,-0.5644,0.1646,2067551,1381418422.0,838763271060,838763271060,
2018-08-23,"600519",贵州茅台,670.21,678.5,665.18,671.7,667.7,2.51,0.3759,0.2178,2735727,1836880236.0,841916327538,841916327538,
2018-08-24,"600519",贵州茅台,660.3,669.0,656.46,669.0,670.21,-9.91,-1.4786,0.2077,2609026,1725516320.0,829467407340,829467407340,
2018-08-27,"600519",贵州茅台,687.3,687.3,662.0,662.0,660.3,27.0,4.0891,0.3822,4801692,3261483990.0,863384747940,863384747940,
2018-08-28,"600519",贵州茅台,681.0,693.78,678.55,693.0,687.3,-6.3,-0.9166,0.2586,3248890,2222697903.0,855470701800,855470701800,
2018-08-29,"600519",贵州茅台,685.85,688.88,679.1,682.0,681.0,4.85,0.7122,0.2182,2740403,1877474370.0,861563261130,861563261130,
2018-08-30,"600519",贵州茅台,680.4,692.6,679.01,688.21,685.85,-5.45,-0.7946,0.269,3378833,2312993223.0,854716983120,854716983120,
2018-08-31,"600519",贵州茅台,659.19,677.0,656.5,676.25,680.4,-21.21,-3.1173,0.4695,5898093,3911486180.0,828073027782,828073027782,
2018-09-03,"600519",贵州茅台,666.21,667.67,650.8,652.0,659.19,7.02,1.0649,0.2402,3017984,1992654934.0,836891536338,836891536338,
2018-09-04,"600519",贵州茅台,675.04,676.0,661.6,666.8,666.21,8.83,1.3254,0.1715,2154048,1441658194.0,847983762912,847983762912,
2018-09-05,"600519",贵州茅台,657.79,676.99,657.0,675.0,675.04,-17.25,-2.5554,0.2307,2898342,1927600143.0,826314350862,826314350862,
2018-09-06,"600519",贵州茅台,644.0,659.26,640.0,652.0,657.79,-13.79,-2.0964,0.3373,4237058,2744204071.0,808991383200,808991383200,
2018-09-07,"600519",贵州茅台,650.97,658.03,645.14,645.5,644.0,6.97,1.0823,0.2328,2924006,1903829724.0,817747081866,817747081866,
2018-09-10,"600519",贵州茅台,644.8,653.81,640.7,652.2,650.97,-6.17,-0.9478,0.1688,2120220,1369296442.0,809996341440,809996341440,
2018-09-11,"600519",贵州茅台,646.0,650.97,640.63,645.57,644.8,1.2,0.1861,0.1552,1949687,1258466309.0,811503778800,811503778800,
2018-09-12,"600519",贵州茅台,630.0,644.87,628.01,643.0,646.0,-16.0,-2.4768,0.3276,4115737,2612360007.0,791404614000,791404614000,
2018-09-13,"600519",贵州茅台,631.98,642.0,620.0,638.0,630.0,1.98,0.3143,0.3798,4771316,3004019091.0,793891885644,793891885644,
2018-09-14,"600519",贵州茅台,642.9,649.78,628.53,633.98,631.98,10.92,1.7279,0.3256,4090019,2617626839.0,807609565620,807609565620,
2018-09-17,"600519",贵州茅台,645.81,652.96,641.06,645.0,642.9,2.91,0.4526,0.2318,2911295,1884188491.0,811265101218,811265101218,
2018-09-18,"600519",贵州茅台,666.7,668.0,642.22,643.0,645.81,20.89,3.2347,0.3014,3785868,2480477388.0,837507073260,837507073260,
2018-09-19,"600519",贵州茅台,681.42,686.0,666.0,666.58,666.7,14.72,2.2079,0.3839,4822184,3277470608.0,855998304876,855998304876,
2018-09-20,"600519",贵州茅台,678.55,686.9,677.36,685.2,681.42,-2.87,-0.4212,0.2191,2751948,1878075359.0,852393017190,852393017190,
2018-09-21,"600519",贵州茅台,700.01,700.01,680.01,682.0,678.55,21.46,3.1626,0.3393,4261720,2945196257.0,879351021978,879351021978,
2018-09-25,"600519",贵州茅台,697.02,705.77,693.26,695.0,700.01,-2.99,-0.4271,0.2439,3063991,2142679110.0,875594990556,875594990556,
2018-09-26,"600519",贵州茅台,724.93,732.68,701.99,702.1,697.02,27.91,4.0042,0.5754,7228777,5200777033.0,910655471154,910655471154,
2018-09-27,"600519",贵州茅台,724.0,728.0,715.4,727.5,724.93,-0.93,-0.1283,0.3225,4050853,2918965007.0,909487207200,909487207200,
2018-09-28,"600519",贵州茅台,730.0,733.2,718.88,726.7,724.0,6.0,0.8287,0.2793,3508980,2551115844.0,917024394000,917024394000,
2018-10-08,"600519",贵州茅台,686.15,719.0,686.15,715.41,730.0,-43.85,-6.0068,0.6587,8274502,5798721501.0,861940120470,861940120470,
2018-10-09,"600519",贵州茅台,695.0,698.71,685.9,686.9,686.15,8.85,1.2898,0.3202,4022283,2785526957.0,873057471000,873057471000,
2018-10-10,"600519",贵州茅台,670.92,698.0,669.69,697.26,695.0,-24.08,-3.4647,0.5023,6309820,4288785948.0,842808227976,842808227976,
2018-10-11,"600519",贵州茅台,644.99,668.94,635.01,635.01,670.92,-25.93,-3.8648,0.729,9158196,5953169079.0,810235019022,810235019022,
2018-10-12,"600519",贵州茅台,668.0,672.68,650.58,651.0,644.99,23.01,3.5675,0.4336,5447256,3599837217.0,839140130400,839140130400,
2018-10-15,"600519",贵州茅台,666.9,671.95,660.03,669.49,668.0,-1.1,-0.1647,0.2835,3560730,2372056680.0,837758312820,837758312820,
2018-10-16,"600519",贵州茅台,667.14,679.53,662.01,665.98,666.9,0.24,0.036,0.2101,2639360,1766613793.0,838059800292,838059800292,
2018-10-17,"600519",贵州茅台,665.72,677.3,649.9,675.0,667.14,-1.42,-0.2128,0.3429,4307707,2846537063.0,836275999416,836275999416,
2018-10-18,"600519",贵州茅台,645.94,660.0,644.97,660.0,665.72,-19.78,-2.9712,0.4152,5215607,3394332712.0,811428406932,811428406932,
2018-10-19,"600519",贵州茅台,670.0,675.0,635.08,638.0,645.94,24.06,3.7248,0.6066,7619938,4973381203.0,841652526000,841652526000,
2018-10-22,"600519",贵州茅台,693.0,702.02,675.0,675.0,670.0,23.0,3.4328,0.582,7310857,5036971569.0,870545075400,870545075400,
2018-10-23,"600519",贵州茅台,641.74,689.0,635.0,689.0,693.0,-51.26,-7.3968,0.98,12311273,8076618589.0,806152376172,806152376172,
2018-10-24,"600519",贵州茅台,636.99,650.0,620.0,628.11,641.74,-4.75,-0.7402,0.6059,7611282,4818473584.0,800185436622,800185436622,
2018-10-25,"600519",贵州茅台,619.0,622.5,608.58,620.0,636.99,-17.99,-2.8242,0.6016,7556838,4657019123.0,777586438200,777586438200,
2018-10-26,"600519",贵州茅台,610.1,625.0,607.98,619.0,619.0,-8.9,-1.4378,0.4404,5532738,3388947805.0,766406277780,766406277780,
2018-10-29,"600519",贵州茅台,549.09,549.09,549.09,549.09,610.1,-61.01,-10.0,0.3907,4907600,2694714084.0,689765650002,689765650002,
2018-10-30,"600519",贵州茅台,524.0,543.0,509.02,510.0,549.09,-25.09,-4.5694,1.6271,20439667,10663392394.0,658247647200,658247647200,
2018-10-31,"600519",贵州茅台,548.9,555.0,522.0,527.0,524.0,24.9,4.7519,0.7713,9688482,5239853122.0,689526972420,689526972420,
2018-11-01,"600519",贵州茅台,563.0,585.5,551.25,555.0,548.9,14.1,2.5688,0.781,9810672,5581027253.0,707239361400,707239361400,
2018-11-02,"600519",贵州茅台,599.9,600.0,572.24,585.0,563.0,36.9,6.5542,0.7097,8915696,5227695093.0,753593060220,753593060220,
2018-11-05,"600519",贵州茅台,575.8,593.0,571.77,593.0,599.9,-24.1,-4.0173,0.6012,7551708,4373994135.0,723318693240,723318693240,
2018-11-06,"600519",贵州茅台,566.0,574.16,558.01,574.0,575.8,-9.8,-1.702,0.3627,4556614,2572068930.0,711007954800,711007954800,
2018-11-07,"600519",贵州茅台,566.4,574.95,562.01,569.0,566.0,0.4,0.0707,0.3034,3810778,2165679706.0,711510433920,711510433920,
2018-11-08,"600519",贵州茅台,570.34,577.0,568.0,574.0,566.4,3.94,0.6956,0.2688,3376374,1933594956.0,716459853252,716459853252,
2018-11-09,"600519",贵州茅台,562.0,569.0,562.0,567.22,570.34,-8.34,-1.4623,0.1937,2433682,1374731688.0,705983163600,705983163600,
2018-11-12,"600519",贵州茅台,552.0,554.2,536.8,553.0,562.0,-10.0,-1.7794,0.5399,6782422,3709848786.0,693421185600,693421185600,
2018-11-13,"600519",贵州茅台,570.0,570.0,543.0,546.12,552.0,18.0,3.2609,0.5288,6642905,3695850099.0,716032746000,716032746000,
2018-11-14,"600519",贵州茅台,555.1,569.96,552.55,569.96,570.0,-14.9,-2.614,0.3325,4176683,2331999884.0,697315398780,697315398780,
2018-11-15,"600519",贵州茅台,559.7,564.8,555.5,558.8,555.1,4.6,0.8287,0.2455,3083340,1728199015.0,703093908660,703093908660,
2018-11-16,"600519",贵州茅台,560.0,566.0,558.03,561.0,559.7,0.3,0.0536,0.2304,2893879,1625453517.0,703470768000,703470768000,
2018-11-19,"600519",贵州茅台,569.02,572.0,559.11,560.3,560.0,9.02,1.6107,0.288,3617925,2052509531.0,714801672156,714801672156,
2018-11-20,"600519",贵州茅台,561.6,568.0,560.0,565.0,569.02,-7.42,-1.304,0.2145,2694326,1514353125.0,705480684480,705480684480,
2018-11-21,"600519",贵州茅台,564.7,568.9,553.68,554.0,561.6,3.1,0.552,0.2158,2710730,1527915052.0,709374897660,709374897660,
2018-11-22,"600519",贵州茅台,564.5,567.33,558.0,565.15,564.7,-0.2,-0.0354,0.1689,2121333,1193347565.0,709123658100,709123658100,
2018-11-23,"600519",贵州茅台,556.9,567.3,556.9,564.0,564.5,-7.6,-1.3463,0.1602,2012621,1126652921.0,699576554820,699576554820,
2018-11-26,"600519",贵州茅台,552.11,560.2,552.0,558.0,556.9,-4.79,-0.8601,0.1522,1912019,1063536979.0,693559367358,693559367358,
2018-11-27,"600519",贵州茅台,548.1,554.99,546.5,552.0,552.11,-4.01,-0.7263,0.1611,2023382,1112920631.0,688522014180,688522014180,
2018-11-28,"600519",贵州茅台,557.0,559.19,545.5,550.85,548.1,8.9,1.6238,0.2208,2773793,1535544366.0,699702174600,699702174600,
2018-11-29,"600519",贵州茅台,551.6,569.8,549.01,566.03,557.0,-5.4,-0.9695,0.3588,4506945,2524752310.0,692918706480,692918706480,
2018-11-30,"600519",贵州茅台,565.0,568.89,553.0,557.0,551.6,13.4,2.4293,0.3901,4901046,2762808219.0,709751757000,709751757000,
2018-12-03,"600519",贵州茅台,601.2,605.0,584.77,589.0,565.0,36.2,6.4071,0.664,8341468,4964130146.0,755226117360,755226117360,
2018-12-04,"600519",贵州茅台,602.23,604.26,595.0,602.99,601.2,1.03,0.1713,0.2505,3147388,1888148735.0,756520001094,756520001094,
2018-12-05,"600519",贵州茅台,610.1,616.5,595.0,597.5,602.23,7.87,1.3068,0.3311,4158819,2523641849.0,766406277780,766406277780,
2018-12-06,"600519",贵州茅台,591.8,605.98,590.36,600.0,610.1,-18.3,-2.9995,0.3006,3775807,2250440655.0,743417858040,743417858040,
2018-12-07,"600519",贵州茅台,587.0,598.86,584.7,595.6,591.8,-4.8,-0.8111,0.2137,2684167,1583970320.0,737388108600,737388108600,
2018-12-10,"600519",贵州茅台,577.23,587.5,574.18,576.0,587.0,-9.77,-1.6644,0.1962,2464068,1427993218.0,725115056094,725115056094,
2018-12-11,"600519",贵州茅台,582.99,586.55,577.0,577.0,577.23,5.76,0.9979,0.1299,1631660,949962155.0,732350755422,732350755422,
2018-12-12,"600519",贵州茅台,589.0,589.2,582.8,588.79,582.99,6.01,1.0309,0.1586,1992154,1168089518.0,739900504200,739900504200,
2018-12-13,"600519",贵州茅台,601.75,606.88,589.6,590.0,589.0,12.75,2.1647,0.3216,4039941,2427823194.0,755917026150,755917026150,
2018-12-14,"600519",贵州茅台,592.96,599.8,592.0,598.01,601.75,-8.79,-1.4607,0.1955,2455448,1461585126.0,744875047488,744875047488,
2018-12-17,"600519",贵州茅台,590.52,595.97,585.01,592.57,592.96,-2.44,-0.4115,0.1982,2489585,1466942952.0,741809924856,741809924856,
2018-12-18,"600519",贵州茅台,590.94,591.54,585.0,585.88,590.52,0.42,0.0711,0.153,1922218,1130221286.0,742337527932,742337527932,
2018-12-19,"600519",贵州茅台,577.8,590.99,576.03,589.0,590.94,-13.14,-2.2236,0.2047,2571596,1501321336.0,725831088840,725831088840,
2018-12-20,"600519",贵州茅台,574.5,581.5,568.89,576.22,577.8,-3.3,-0.5711,0.2145,2694098,1549600760.0,721685636100,721685636100,
2018-12-21,"600519",贵州茅台,567.41,573.45,562.21,571.0,574.5,-7.09,-1.2341,0.2439,3064043,1736537277.0,712779193698,712779193698,
2018-12-24,"600519",贵州茅台,568.0,570.91,558.0,563.5,567.41,0.59,0.104,0.1521,1910986,1080787424.0,713520350400,713520350400,
2018-12-25,"600519",贵州茅台,565.79,567.5,553.61,562.22,568.0,-2.21,-0.3891,0.2117,2659286,1490157587.0,710744153262,710744153262,
2018-12-26,"600519",贵州茅台,560.08,568.4,558.0,563.81,565.79,-5.71,-1.0092,0.1422,1786620,1005617678.0,703571263824,703571263824,
2018-12-27,"600519",贵州茅台,563.0,571.85,562.22,570.0,560.08,2.92,0.5214,0.2348,2949357,1670211285.0,707239361400,707239361400,
2018-12-28,"600519",贵州茅台,590.01,596.4,560.0,563.3,563.0,27.01,4.7975,0.5069,6367837,3705150490.0,741169263978,741169263978,
2019-01-02,"600519",贵州茅台,598.98,612.0,595.01,609.98,590.01,8.97,1.5203,0.4958,6228649,3754387984.0,752437358244,752437358244,
2019-01-03,"600519",贵州茅台,590.0,601.66,585.8,599.97,598.98,-8.98,-1.4992,0.2466,3097735,1838179174.0,741156702000,741156702000,
2019-01-04,"600519",贵州茅台,602.0,607.67,582.02,587.28,590.0,12.0,2.0339,0.3,3768347,2258501484.0,756231075600,756231075600,
2019-01-07,"600519",贵州茅台,605.49,612.0,602.22,608.0,602.0,3.49,0.5797,0.2766,3475013,2105981461.0,760615205922,760615205922,
2019-01-08,"600519",贵州茅台,604.79,612.0,600.28,605.5,605.49,-0.7,-0.1156,0.2296,2883813,1750413219.0,759735867462,759735867462,
2019-01-09,"600519",贵州茅台,616.12,626.16,609.04,609.99,604.79,11.33,1.8734,0.3972,4989227,3084214779.0,773968588536,773968588536,
2019-01-10,"600519",贵州茅台,618.77,624.88,610.25,617.13,616.12,2.65,0.4301,0.2312,2904390,1797683134.0,777297512706,777297512706,
2019-01-11,"600519",贵州茅台,635.88,637.0,618.75,625.0,618.77,17.11,2.7652,0.3095,3888421,2445929483.0,798791057064,798791057064,
2019-01-14,"600519",贵州茅台,624.6,635.89,621.55,633.0,635.88,-11.28,-1.7739,0.2042,2564890,1606308126.0,784621145880,784621145880,
2019-01-15,"600519",贵州茅台,659.98,661.5,625.0,627.86,624.6,35.38,5.6644,0.4439,5576485,3613919068.0,829065424044,829065424044,
2019-01-16,"600519",贵州茅台,661.1,665.65,653.6,658.0,659.98,1.12,0.1697,0.335,4208364,2775103930.0,830472365580,830472365580,
2019-01-17,"600519",贵州茅台,659.25,669.7,655.8,663.0,661.1,-1.85,-0.2798,0.2411,3028476,2004454115.0,828148399650,828148399650,
2019-01-18,"600519",贵州茅台,683.61,690.2,661.5,665.0,659.25,24.36,3.6951,0.5462,6860918,4647515824.0,858749378058,858749378058,
2019-01-21,"600519",贵州茅台,686.98,698.88,681.88,690.0,683.61,3.37,0.493,0.3746,4705193,3242615722.0,862982764644,862982764644,
2019-01-22,"600519",贵州茅台,671.0,686.0,665.22,686.0,686.98,-15.98,-2.3261,0.3353,4212221,2834735031.0,842908723800,842908723800,
2019-01-23,"600519",贵州茅台,665.66,674.5,663.13,667.22,671.0,-5.34,-0.7958,0.2677,3362481,2247371221.0,836200627548,836200627548,
2019-01-24,"600519",贵州茅台,672.5,677.83,664.68,670.3,665.66,6.84,1.0276,0.2321,2915527,1960227058.0,844793020500,844793020500,
2019-01-25,"600519",贵州茅台,679.7,684.9,669.93,675.88,672.5,7.2,1.0706,0.2307,2898635,1966232090.0,853837644660,853837644660,
2019-01-28,"600519",贵州茅台,677.0,693.98,676.03,684.0,679.7,-2.7,-0.3972,0.2874,3610287,2476277972.0,850445910600,850445910600,
2019-01-29,"600519",贵州茅台,685.0,688.0,668.0,677.5,677.0,8.0,1.1817,0.2415,3034259,2069407513.0,860495493000,860495493000,
2019-01-30,"600519",贵州茅台,676.0,686.22,676.0,684.99,685.0,-9.0,-1.3139,0.1807,2269996,1545353573.0,849189712800,849189712800,
2019-01-31,"600519",贵州茅台,689.6,689.6,677.56,680.0,676.0,13.6,2.0118,0.2921,3669657,2515374970.0,866274002880,866274002880,
2019-02-01,"600519",贵州茅台,692.67,699.0,689.61,697.04,689.6,3.07,0.4452,0.243,3052062,2121326140.0,870130530126,870130530126,
2019-02-11,"600519",贵州茅台,725.3,729.5,688.18,695.0,692.67,32.63,4.7108,0.4628,5814075,4143849806.0,911120264340,911120264340,
2019-02-12,"600519",贵州茅台,717.92,725.49,715.2,723.0,725.3,-7.38,-1.0175,0.2793,3509143,2521840124.0,901849524576,901849524576,
2019-02-13,"600519",贵州茅台,735.25,736.16,717.22,723.0,717.92,17.33,2.4139,0.284,3567706,2589623528.0,923619432450,923619432450,
2019-02-14,"600519",贵州茅台,737.16,743.66,730.14,731.2,735.25,1.91,0.2598,0.2568,3225813,2375987077.0,926018770248,926018770248,
2019-02-15,"600519",贵州茅台,724.78,734.88,723.02,734.88,737.16,-12.38,-1.6794,0.185,2323798,1691515518.0,910467041484,910467041484,
2019-02-18,"600519",贵州茅台,740.0,744.95,731.0,731.0,724.78,15.22,2.0999,0.3005,3774589,2787522993.0,929586372000,929586372000,
2019-02-19,"600519",贵州茅台,730.76,742.5,726.66,740.96,740.0,-9.24,-1.2486,0.2348,2950150,2164408781.0,917979104328,917979104328,
2019-02-20,"600519",贵州茅台,722.0,735.0,716.06,735.0,730.76,-8.76,-1.1988,0.3016,3788237,2742919644.0,906974811600,906974811600,
2019-02-21,"600519",贵州茅台,720.25,730.48,717.0,720.0,722.0,-1.75,-0.2424,0.2376,2985040,2163554333.0,904776465450,904776465450,
2019-02-22,"600519",贵州茅台,726.01,728.49,714.1,717.0,720.25,5.76,0.7997,0.2062,2590877,1867253930.0,912012164778,912012164778,
2019-02-25,"600519",贵州茅台,742.33,744.44,717.99,730.75,726.01,16.32,2.2479,0.6577,8262259,6034261367.0,932513312874,932513312874,
2019-02-26,"600519",贵州茅台,727.35,749.18,726.0,747.8,742.33,-14.98,-2.018,0.4614,5796466,4265279124.0,913695469830,913695469830,
2019-02-27,"600519",贵州茅台,740.7,758.02,731.0,733.0,727.35,13.35,1.8354,0.5249,6594227,4908445127.0,930465710460,930465710460,
2019-02-28,"600519",贵州茅台,755.01,763.42,736.95,737.9,740.7,14.31,1.932,0.4536,5698625,4289145218.0,948441900978,948441900978,
2019-03-01,"600519",贵州茅台,789.3,790.0,761.0,761.5,755.01,34.29,4.5417,0.5082,6384023,4952509171.0,991516923540,991516923540,
2019-03-04,"600519",贵州茅台,781.86,798.33,777.22,795.0,789.3,-7.44,-0.9426,0.6733,8458596,6661386571.0,982170811908,982170811908,
2019-03-05,"600519",贵州茅台,779.78,789.55,775.88,785.0,781.86,-2.08,-0.266,0.3569,4483056,3501155936.0,979557920484,979557920484,
2019-03-06,"600519",贵州茅台,768.0,779.5,765.88,775.0,779.78,-11.78,-1.5107,0.372,4673137,3602140487.0,964759910400,964759910400,
2019-03-07,"600519",贵州茅台,748.6,762.22,745.56,762.22,768.0,-19.4,-2.526,0.4791,6018053,4526351877.0,940389673080,940389673080,
2019-03-08,"600519",贵州茅台,737.5,746.83,733.65,737.9,748.6,-11.1,-1.4828,0.4161,5227525,3868415483.0,926445877500,926445877500,
2019-03-11,"600519",贵州茅台,758.54,766.95,740.04,740.04,737.5,21.04,2.8529,0.4224,5305724,4001728730.0,952876279212,952876279212,
2019-03-12,"600519",贵州茅台,745.01,763.83,739.0,763.82,758.54,-13.53,-1.7837,0.418,5251001,3946382127.0,935879922978,935879922978,
2019-03-13,"600519",贵州茅台,754.0,760.75,745.5,745.5,745.01,8.99,1.2067,0.3229,4056136,3058080906.0,947173141200,947173141200,
2019-03-14,"600519",贵州茅台,778.0,785.0,754.0,757.0,754.0,24.0,3.183,0.4949,6217256,4808607656.0,977321888400,977321888400,
2019-03-15,"600519",贵州茅台,777.3,787.5,764.85,776.0,778.0,-0.7,-0.09,0.4171,5240071,4084798328.0,976442549940,976442549940,
2019-03-18,"600519",贵州茅台,810.09,814.53,777.0,778.8,777.3,32.79,4.2184,0.6473,8131880,6499566987.0,1017633275800,1017633275800,
2019-03-19,"600519",贵州茅台,792.61,807.92,792.3,803.0,810.09,-17.48,-2.1578,0.3235,4063493,3244967390.0,995674938258,995674938258,
2019-03-20,"600519",贵州茅台,792.8,802.3,785.0,790.0,792.61,0.19,0.024,0.2477,3111752,2470811128.0,995913615840,995913615840,
2019-03-21,"600519",贵州茅台,785.75,792.8,781.5,788.0,792.8,-7.05,-0.8893,0.2593,3257328,2558222913.0,987057421350,987057421350,
2019-03-22,"600519",贵州茅台,794.0,799.98,785.0,788.22,785.75,8.25,1.05,0.2429,3051750,2420497823.0,997421053200,997421053200,
2019-03-25,"600519",贵州茅台,775.6,788.0,773.3,786.0,794.0,-18.4,-2.3174,0.2967,3727046,2903744159.0,974307013680,974307013680,
2019-03-26,"600519",贵州茅台,773.0,785.94,764.1,780.0,775.6,-2.6,-0.3352,0.2993,3759569,2914112997.0,971040899400,971040899400,
2019-03-27,"600519",贵州茅台,788.5,793.88,775.0,781.0,773.0,15.5,2.0052,0.3408,4280739,3366132247.0,990511965300,990511965300,
2019-03-28,"600519",贵州茅台,806.8,814.48,785.68,793.43,788.5,18.3,2.3209,0.4583,5756676,4615969704.0,1013500385040,1013500385040,
2019-03-29,"600519",贵州茅台,853.99,866.68,830.17,835.0,806.8,47.19,5.849,0.7239,9093396,7702154797.0,1072780359220,1072780359220,
2019-04-01,"600519",贵州茅台,859.0,868.95,851.0,860.0,853.99,5.01,0.5867,0.4851,6093461,5228521999.0,1079073910200,1079073910200,
2019-04-02,"600519",贵州茅台,850.0,859.99,836.06,859.99,859.0,-9.0,-1.0477,0.4237,5322705,4496538849.0,1067768130000,1067768130000,
2019-04-03,"600519",贵州茅台,844.5,851.74,834.21,840.12,850.0,-5.5,-0.6471,0.3428,4305680,3629854319.0,1060859042100,1060859042100,
2019-04-04,"600519",贵州茅台,865.0,865.8,836.2,840.0,844.5,20.5,2.4275,0.444,5577236,4763897857.0,1086611097000,1086611097000,
2019-04-08,"600519",贵州茅台,900.2,908.0,890.12,900.0,865.0,35.2,4.0694,0.5274,6625193,5944780639.0,1130829259560,1130829259560,
2019-04-09,"600519",贵州茅台,905.0,908.2,892.51,903.0,900.2,4.8,0.5332,0.382,4798980,4308645696.0,1136859009000,1136859009000,
2019-04-10,"600519",贵州茅台,947.99,951.9,900.0,903.0,905.0,42.99,4.7503,0.5398,6781438,6331858748.0,1190862952420,1190862952420,
2019-04-11,"600519",贵州茅台,925.2,950.0,905.55,948.0,947.99,-22.79,-2.404,0.4864,6110254,5643817564.0,1162234204560,1162234204560,
2019-04-12,"600519",贵州茅台,914.0,919.99,900.01,909.0,925.2,-11.2,-1.2105,0.387,4861217,4419349981.0,1148164789200,1148164789200,
2019-04-15,"600519",贵州茅台,907.0,939.0,907.0,931.0,914.0,-7.0,-0.7659,0.3624,4552264,4205548308.0,1139371404600,1139371404600,
2019-04-16,"600519",贵州茅台,939.9,939.9,901.22,904.9,907.0,32.9,3.6273,0.3696,4642344,4297385218.0,1180700312220,1180700312220,
2019-04-17,"600519",贵州茅台,952.0,955.51,925.0,938.0,939.9,12.1,1.2874,0.3245,4076102,3848216557.0,1195900305600,1195900305600,
2019-04-18,"600519",贵州茅台,945.5,954.68,936.22,945.41,952.0,-6.5,-0.6828,0.156,1959852,1853076080.0,1187735019900,1187735019900,
2019-04-19,"600519",贵州茅台,952.56,960.95,931.31,943.96,945.5,7.06,0.7467,0.2578,3237978,3064971032.0,1196603776370,1196603776370,
2019-04-22,"600519",贵州茅台,949.2,978.89,940.61,959.5,952.56,-3.36,-0.3527,0.3234,4062796,3897168684.0,1192382951760,1192382951760,
2019-04-23,"600519",贵州茅台,974.95,981.22,949.2,951.0,949.2,25.75,2.7128,0.3889,4885205,4725480295.0,1224730045110,1224730045110,
2019-04-24,"600519",贵州茅台,970.0,990.0,951.22,979.88,974.95,-4.95,-0.5077,0.36,4522700,4383873128.0,1218511866000,1218511866000,
2019-04-25,"600519",贵州茅台,952.37,973.99,951.22,968.79,970.0,-17.63,-1.8175,0.3168,3980134,3822767525.0,1196365098790,1196365098790,
2019-04-26,"600519",贵州茅台,945.0,959.88,945.0,946.3,952.37,-7.37,-0.7739,0.3445,4327768,4119727292.0,1187106921000,1187106921000,
2019-04-29,"600519",贵州茅台,971.97,989.0,935.0,945.0,945.0,26.97,2.854,0.4185,5257230,5086408528.0,1220986575670,1220986575670,
2019-04-30,"600519",贵州茅台,974.0,984.96,963.11,968.0,971.97,2.03,0.2089,0.2861,3594318,3503937512.0,1223536657200,1223536657200,
2019-05-06,"600519",贵州茅台,906.0,935.0,893.0,925.5,974.0,-68.0,-6.9815,1.0755,13509968,12299395806.0,1138115206800,1138115206800,
2019-05-07,"600519",贵州茅台,890.0,913.94,870.22,893.28,906.0,-16.0,-1.766,0.8027,10083726,9045117765.0,1118016042000,1118016042000,
2019-05-08,"600519",贵州茅台,884.4,901.8,860.0,860.0,890.0,-5.6,-0.6292,0.6518,8188298,7217709507.0,1110981334320,1110981334320,
2019-05-09,"600519",贵州茅台,858.81,879.87,842.5,875.0,884.4,-25.59,-2.8935,0.7287,9154515,7863312116.0,1078835232620,1078835232620,
2019-05-10,"600519",贵州茅台,907.12,910.78,868.19,875.66,858.81,48.31,5.6252,0.6361,7990738,7121198718.0,1139522148340,1139522148340,
2019-05-13,"600519",贵州茅台,892.0,910.98,884.0,898.86,907.12,-15.12,-1.6668,0.3713,4663718,4179329433.0,1120528437600,1120528437600,
2019-05-14,"600519",贵州茅台,886.57,906.0,873.0,885.0,892.0,-5.43,-0.6087,0.4775,5998312,5349455647.0,1113707283550,1113707283550,
2019-05-15,"600519",贵州茅台,927.0,933.0,890.24,890.24,886.57,40.43,4.5603,0.5025,6312425,5778791845.0,1164495360600,1164495360600,
2019-05-16,"600519",贵州茅台,929.91,932.0,905.0,919.0,927.0,2.91,0.3139,0.3546,4454012,4108281950.0,1168150896200,1168150896200,
2019-05-17,"600519",贵州茅台,906.79,932.3,900.1,927.02,929.91,-23.12,-2.4863,0.3968,4984161,4551116799.0,1139107603060,1139107603060,
2019-05-20,"600519",贵州茅台,884.96,900.0,871.0,900.0,906.79,-21.83,-2.4074,0.3535,4440799,3931645928.0,1111684805090,1111684805090,
2019-05-21,"600519",贵州茅台,895.0,910.0,872.02,885.0,884.96,10.04,1.1345,0.3374,4238565,3791406204.0,1124297031000,1124297031000,
2019-05-22,"600519",贵州茅台,888.0,904.0,880.0,894.98,895.0,-7.0,-0.7821,0.2551,3204158,2853872828.0,1115503646400,1115503646400,
2019-05-23,"600519",贵州茅台,861.0,883.98,856.22,881.0,888.0,-27.0,-3.0405,0.4622,5805863,5062812286.0,1081586305800,1081586305800,
2019-05-24,"600519",贵州茅台,878.5,885.0,864.44,865.0,861.0,17.5,2.0325,0.3505,4403409,3858962204.0,1103569767300,1103569767300,
2019-05-27,"600519",贵州茅台,879.0,882.99,860.05,879.1,878.5,0.5,0.0569,0.3117,3916191,3417213669.0,1104197866200,1104197866200,
2019-05-28,"600519",贵州茅台,888.0,907.49,875.02,877.99,879.0,9.0,1.0239,0.5952,7477277,6670856081.0,1115503646400,1115503646400,
2019-05-29,"600519",贵州茅台,911.91,924.95,888.01,888.01,888.0,23.91,2.6926,0.5226,6564696,5963755397.0,1145539335800,1145539335800,
2019-05-30,"600519",贵州茅台,905.3,919.99,891.22,910.0,911.91,-6.61,-0.7249,0.3204,4024720,3634187681.0,1137235868340,1137235868340,
2019-05-31,"600519",贵州茅台,890.0,906.99,890.0,900.53,905.3,-15.3,-1.69,0.2849,3579380,3211384923.0,1118016042000,1118016042000,
2019-06-03,"600519",贵州茅台,892.0,901.35,886.28,892.0,890.0,2.0,0.2247,0.2745,3447924,3076922330.0,1120528437600,1120528437600,
2019-06-04,"600519",贵州茅台,875.3,895.43,871.0,895.0,892.0,-16.7,-1.8722,0.3159,3968948,3481384251.0,1099549934340,1099549934340,
2019-06-05,"600519",贵州茅台,871.6,886.26,870.0,884.0,875.3,-3.7,-0.4227,0.2712,3406736,2988114670.0,1094902002480,1094902002480,
2019-06-06,"600519",贵州茅台,862.13,875.77,858.0,875.62,871.6,-9.47,-1.0865,0.2769,3478685,3009567792.0,1083005809310,1083005809310,
2019-06-10,"600519",贵州茅台,871.08,878.95,840.0,857.98,862.13,8.95,1.0381,0.4418,5550246,4790052574.0,1094248779620,1094248779620,
2019-06-11,"600519",贵州茅台,910.89,915.61,875.0,876.0,871.08,39.81,4.5702,0.6377,8010644,7209086880.0,1144258014040,1144258014040,
2019-06-12,"600519",贵州茅台,906.7,910.99,894.0,906.22,910.89,-4.19,-0.46,0.3005,3774740,3420899273.0,1138994545260,1138994545260,
2019-06-13,"600519",贵州茅台,910.0,912.3,897.0,910.0,906.7,3.3,0.364,0.262,3291742,2984741685.0,1143139998000,1143139998000,
2019-06-14,"600519",贵州茅台,913.0,932.3,910.02,911.0,910.0,3.0,0.3297,0.338,4245504,3905679105.0,1146908591400,1146908591400,
2019-06-17,"600519",贵州茅台,911.6,926.94,906.02,907.0,913.0,-1.4,-0.1533,0.2609,3276903,3001512189.0,1145149914480,1145149914480,
2019-06-18,"600519",贵州茅台,917.0,920.0,902.6,917.0,911.6,5.4,0.5924,0.2344,2944138,2687679912.0,1151933382600,1151933382600,
2019-06-19,"600519",贵州茅台,932.01,946.7,932.01,940.0,917.0,15.01,1.6369,0.4277,5372640,5051192622.0,1170788911580,1170788911580,
2019-06-20,"600519",贵州茅台,975.0,975.5,932.2,932.5,932.01,42.99,4.6126,0.5355,6727197,6468666073.0,1224792855000,1224792855000,
2019-06-21,"600519",贵州茅台,976.3,984.49,964.5,969.97,975.0,1.3,0.1333,0.3656,4592675,4482726902.0,1226425912140,1226425912140,
2019-06-24,"600519",贵州茅台,987.1,999.69,975.0,978.3,976.3,10.8,1.1062,0.3644,4577920,4532526991.0,1239992848380,1239992848380,
2019-06-25,"600519",贵州茅台,982.98,999.0,967.0,992.0,987.1,-4.12,-0.4174,0.4083,5129595,5035624420.0,1234817313440,1234817313440,
2019-06-26,"600519",贵州茅台,979.86,985.0,971.22,985.0,982.98,-3.12,-0.3174,0.2355,2958818,2896585581.0,1230897976310,1230897976310,
2019-06-27,"600519",贵州茅台,996.35,1001.0,981.12,985.0,979.86,16.49,1.6829,0.3819,4797845,4772724089.0,1251612678030,1251612678030,
2019-06-28,"600519",XD贵州茅,984.0,988.88,971.33,985.99,981.81,2.19,0.2231,0.2475,3108840,3050739277.0,1236098635200,1236098635200,
2019-07-01,"600519",贵州茅台,1031.86,1035.6,1000.22,1004.52,984.0,47.86,4.8638,0.4166,5233723,5325575854.0,1296220261910,1296220261910,
2019-07-02,"600519",贵州茅台,1025.0,1029.5,1016.0,1025.0,1031.86,-6.86,-0.6648,0.3109,3906109,3989722046.0,1287602745000,1287602745000,
2019-07-03,"600519",贵州茅台,987.9,1023.0,981.5,1020.0,1025.0,-37.1,-3.6195,0.5345,6713932,6717755678.0,1240997806620,1240997806620,
2019-07-04,"600519",贵州茅台,981.2,990.8,971.22,985.8,987.9,-6.7,-0.6782,0.3679,4621668,4531686001.0,1232581281360,1232581281360,
2019-07-05,"600519",贵州茅台,999.82,1006.0,976.3,986.0,981.2,18.62,1.8977,0.3983,5003271,4968920475.0,1255971684400,1255971684400,
2019-07-08,"600519",贵州茅台,984.86,997.9,975.0,995.05,999.82,-14.96,-1.4963,0.2676,3361352,3313713091.0,1237178965310,1237178965310,
2019-07-09,"600519",贵州茅台,976.06,989.0,968.35,979.3,984.86,-8.8,-0.8935,0.2525,3172332,3103986405.0,1226124424670,1226124424670,
2019-07-10,"600519",贵州茅台,982.52,990.58,977.0,980.93,976.06,6.46,0.6618,0.2242,2816670,2774054724.0,1234239462460,1234239462460,
2019-07-11,"600519",贵州茅台,981.5,998.38,976.0,989.96,982.52,-1.02,-0.1038,0.2429,3051419,3011117079.0,1232958140700,1232958140700,
2019-07-12,"600519",贵州茅台,986.09,991.5,980.01,981.3,981.5,4.59,0.4677,0.2243,2817385,2778937975.0,1238724088600,1238724088600,
2019-07-15,"600519",贵州茅台,975.93,980.1,951.13,967.8,986.09,-10.16,-1.0303,0.4766,5987040,5785726590.0,1225961118950,1225961118950,
2019-07-16,"600519",贵州茅台,968.0,982.3,965.0,975.45,975.93,-7.93,-0.8126,0.2646,3324524,3226755644.0,1215999470400,1215999470400,
2019-07-17,"600519",贵州茅台,963.5,972.99,962.13,968.0,968.0,-4.5,-0.4649,0.2027,2546887,2459954487.0,1210346580300,1210346580300,
2019-07-18,"600519",贵州茅台,947.5,963.0,947.18,961.5,963.5,-16.0,-1.6606,0.3125,3925295,3748507464.0,1190247415500,1190247415500,
2019-07-19,"600519",贵州茅台,955.87,960.8,948.0,955.0,947.5,8.37,0.8834,0.223,2801481,2679887449.0,1200761791090,1200761791090,
2019-07-22,"600519",贵州茅台,957.02,964.0,950.25,960.0,955.87,1.15,0.1203,0.2239,2812549,2695084029.0,1202206418560,1202206418560,
2019-07-23,"600519",贵州茅台,953.98,962.59,943.86,962.3,957.02,-3.04,-0.3177,0.2586,3248395,3087319264.0,1198387577240,1198387577240,
2019-07-24,"600519",贵州茅台,946.36,959.9,944.69,958.31,953.98,-7.62,-0.7988,0.3723,4677120,4450509786.0,1188815350010,1188815350010,
2019-07-25,"600519",贵州茅台,963.0,963.36,938.15,945.97,946.36,16.64,1.7583,0.3045,3825570,3633246146.0,1209718481400,1209718481400,
2019-07-26,"600519",贵州茅台,965.03,971.0,958.55,961.97,963.0,2.03,0.2108,0.2107,2646759,2556208822.0,1212268562930,1212268562930,
2019-07-29,"600519",贵州茅台,976.41,979.5,960.01,962.03,965.03,11.38,1.1792,0.2148,2698133,2626793557.0,1226564093900,1226564093900,
2019-07-30,"600519",贵州茅台,978.93,983.0,971.0,976.5,976.41,2.52,0.2581,0.1555,1953797,1911965179.0,1229729712350,1229729712350,
2019-07-31,"600519",贵州茅台,972.6,981.77,966.59,975.0,978.93,-6.33,-0.6466,0.1793,2252620,2191909987.0,1221777980280,1221777980280,
2019-08-01,"600519",贵州茅台,959.3,977.0,953.02,976.51,972.6,-13.3,-1.3675,0.2793,3508952,3385045858.0,1205070549540,1205070549540,
2019-08-02,"600519",贵州茅台,954.45,957.98,943.0,944.0,959.3,-4.85,-0.5056,0.3162,3971940,3772328947.0,1198977990210,1198977990210,
2019-08-05,"600519",贵州茅台,942.43,954.0,940.0,945.0,954.45,-12.02,-1.2594,0.2927,3677431,3473341317.0,1183878492650,1183878492650,
2019-08-06,"600519",贵州茅台,946.3,948.0,923.8,931.0,942.43,3.87,0.4106,0.3502,4399116,4121445010.0,1188739978140,1188739978140,
2019-08-07,"600519",贵州茅台,945.0,955.53,945.0,949.5,946.3,-1.3,-0.1374,0.2139,2686998,2553463419.0,1187106921000,1187106921000,
2019-08-08,"600519",贵州茅台,971.68,974.0,952.0,953.5,945.0,26.68,2.8233,0.3089,3880813,3755086990.0,1220622278300,1220622278300,
2019-08-09,"600519",贵州茅台,962.03,980.95,958.99,978.5,971.68,-9.65,-0.9931,0.2266,2846170,2760764357.0,1208499969530,1208499969530,
2019-08-12,"600519",贵州茅台,1018.63,1020.1,995.01,1010.31,962.03,56.6,5.8834,0.6488,8149895,8208540716.0,1279600765010,1279600765010,
2019-08-13,"600519",贵州茅台,1017.95,1026.0,1010.68,1016.16,1018.63,-0.68,-0.0668,0.2414,3032970,3088013760.0,1278746550510,1278746550510,
2019-08-14,"600519",贵州茅台,1043.33,1051.9,1030.02,1030.02,1017.95,25.38,2.4932,0.3297,4141095,4327071299.0,1310628850670,1310628850670,
2019-08-15,"600519",贵州茅台,1044.9,1046.48,1028.0,1028.0,1043.33,1.57,0.1505,0.2168,2723739,2821331120.0,1312601081220,1312601081220,
2019-08-16,"600519",贵州茅台,1054.6,1075.58,1041.0,1049.84,1044.9,9.7,0.9283,0.2873,3608673,3822488363.0,1324786199880,1324786199880,
2019-08-19,"600519",贵州茅台,1055.88,1069.98,1049.05,1061.0,1054.6,1.28,0.1214,0.2616,3286758,3471558016.0,1326394133060,1326394133060,
2019-08-20,"600519",贵州茅台,1070.0,1073.68,1050.0,1055.0,1055.88,14.12,1.3373,0.2277,2860213,3038219263.0,1344131646000,1344131646000,
2019-08-21,"600519",贵州茅台,1066.0,1076.97,1061.66,1070.1,1070.0,-4.0,-0.3738,0.1995,2506662,2678841887.0,1339106854800,1339106854800,
2019-08-22,"600519",贵州茅台,1104.0,1104.0,1070.0,1072.99,1066.0,38.0,3.5647,0.2992,3759078,4099045126.0,1386842371200,1386842371200,
2019-08-23,"600519",贵州茅台,1130.1,1133.56,1095.62,1105.0,1104.0,26.1,2.3641,0.32,4019230,4495782910.0,1419629133780,1419629133780,
2019-08-26,"600519",贵州茅台,1102.95,1128.0,1096.68,1113.0,1130.1,-27.15,-2.4024,0.3861,4849789,5382792365.0,1385523363510,1385523363510,
2019-08-27,"600519",贵州茅台,1109.0,1131.31,1109.0,1117.0,1102.95,6.05,0.5485,0.4153,5216421,5830617878.0,1393123360200,1393123360200,
2019-08-28,"600519",贵州茅台,1100.11,1123.19,1083.01,1109.0,1109.0,-8.89,-0.8016,0.3742,4700967,5169778985.0,1381955761760,1381955761760,
2019-08-29,"600519",贵州茅台,1113.1,1118.18,1092.5,1105.0,1100.11,12.99,1.1808,0.2335,2933042,3247704307.0,1398273771180,1398273771180,
2019-08-30,"600519",贵州茅台,1142.0,1146.0,1123.0,1125.0,1113.1,28.9,2.5964,0.3574,4489077,5093877152.0,1434577887600,1434577887600,
2019-09-02,"600519",贵州茅台,1138.76,1144.98,1129.0,1139.99,1142.0,-3.24,-0.2837,0.2248,2823433,3210850606.0,1430507806730,1430507806730,
2019-09-03,"600519",贵州茅台,1140.0,1151.02,1128.56,1140.0,1138.76,1.24,0.1089,0.2347,2948509,3358578409.0,1432065492000,1432065492000,
2019-09-04,"600519",贵州茅台,1125.01,1142.91,1120.11,1140.8,1140.0,-14.99,-1.3149,0.2675,3360022,3785904728.0,1413235086980,1413235086980,
2019-09-05,"600519",贵州茅台,1144.0,1144.9,1128.0,1129.0,1125.01,18.99,1.688,0.2621,3293084,3746608087.0,1437090283200,1437090283200,
2019-09-06,"600519",贵州茅台,1142.49,1146.15,1131.0,1144.5,1144.0,-1.51,-0.132,0.2084,2617659,2978155822.0,1435193424520,1435193424520,
2019-09-09,"600519",贵州茅台,1136.52,1148.0,1135.0,1145.0,1142.49,-5.97,-0.5225,0.2339,2937934,3346080774.0,1427693923660,1427693923660,
2019-09-10,"600519",贵州茅台,1123.85,1135.0,1120.01,1134.3,1136.52,-12.67,-1.1148,0.2088,2622707,2952753655.0,1411777897530,1411777897530,
2019-09-11,"600519",贵州茅台,1069.52,1119.97,1068.0,1119.22,1123.85,-54.33,-4.8343,0.6505,8171654,8904690560.0,1343528671060,1343528671060,
2019-09-12,"600519",贵州茅台,1099.0,1109.98,1066.0,1066.0,1069.52,29.48,2.7564,0.3281,4121133,4498210332.0,1380561382200,1380561382200,
2019-09-16,"600519",贵州茅台,1099.0,1103.95,1083.0,1083.0,1099.0,0.0,0.0,0.2497,3137180,3432292113.0,1380561382200,1380561382200,
2019-09-17,"600519",贵州茅台,1094.01,1106.66,1087.0,1094.0,1099.0,-4.99,-0.454,0.2006,2519693,2767385769.0,1374292955180,1374292955180,
2019-09-18,"600519",贵州茅台,1148.9,1150.0,1108.18,1108.5,1094.01,54.89,5.0173,0.5518,6931447,7899560194.0,1443245652420,1443245652420,
2019-09-19,"600519",贵州茅台,1145.0,1150.0,1137.1,1148.0,1148.9,-3.9,-0.3395,0.1949,2447980,2800064436.0,1438346481000,1438346481000,
2019-09-20,"600519",贵州茅台,1157.42,1160.0,1147.59,1151.0,1145.0,12.42,1.0847,0.2995,3762666,4346138244.0,1453948457680,1453948457680,
2019-09-23,"600519",贵州茅台,1149.0,1157.0,1131.0,1157.0,1157.42,-8.42,-0.7275,0.239,3002633,3431058973.0,1443371272200,1443371272200,
2019-09-24,"600519",贵州茅台,1184.0,1184.9,1152.0,1155.0,1149.0,35.0,3.0461,0.2887,3626913,4259833998.0,1487338195200,1487338195200,
2019-09-25,"600519",贵州茅台,1174.0,1188.87,1170.5,1180.0,1184.0,-10.0,-0.8446,0.1912,2402458,2832308420.0,1474776217200,1474776217200,
2019-09-26,"600519",贵州茅台,1167.0,1183.35,1158.81,1174.94,1174.0,-7.0,-0.5963,0.2076,2608194,3050478322.0,1465982832600,1465982832600,
2019-09-27,"600519",贵州茅台,1174.75,1183.0,1153.0,1164.0,1167.0,7.75,0.6641,0.1817,2282661,2671754323.0,1475718365550,1475718365550,
2019-09-30,"600519",贵州茅台,1150.0,1169.43,1150.0,1163.0,1174.75,-24.75,-2.1068,0.2454,3082514,3565988675.0,1444627470000,1444627470000,
2019-10-08,"600519",贵州茅台,1167.1,1180.0,1152.01,1153.0,1150.0,17.1,1.487,0.2471,3104527,3631091491.0,1466108452380,1466108452380,
2019-10-09,"600519",贵州茅台,1146.81,1166.2,1135.05,1166.2,1167.1,-20.29,-1.7385,0.2849,3578857,4105282379.0,1440620199020,1440620199020,
2019-10-10,"600519",贵州茅台,1155.0,1158.93,1109.02,1127.0,1146.81,8.19,0.7142,0.3278,4117370,4685560483.0,1450908459000,1450908459000,
2019-10-11,"600519",贵州茅台,1174.6,1175.0,1152.21,1157.0,1155.0,19.6,1.697,0.2284,2868925,3343559812.0,1475529935880,1475529935880,
2019-10-14,"600519",贵州茅台,1180.0,1187.66,1170.0,1186.0,1174.6,5.4,0.4597,0.2164,2718751,3209362988.0,1482313404000,1482313404000,
2019-10-15,"600519",贵州茅台,1211.0,1215.68,1177.03,1180.0,1180.0,31.0,2.6271,0.3187,4003473,4806856333.0,1521255535800,1521255535800,
2019-10-16,"600519",贵州茅台,1170.0,1187.5,1160.0,1168.0,1211.0,-41.0,-3.3856,0.4709,5915059,6935972684.0,1469751426000,1469751426000,
2019-10-17,"600519",贵州茅台,1183.33,1186.66,1162.5,1176.0,1170.0,13.33,1.1393,0.2429,3050870,3578144114.0,1486496542670,1486496542670,
2019-10-18,"600519",贵州茅台,1175.79,1189.99,1171.69,1179.0,1183.33,-7.54,-0.6372,0.2252,2829161,3335011086.0,1477024811260,1477024811260,
2019-10-21,"600519",贵州茅台,1168.5,1178.9,1163.3,1171.86,1175.79,-7.29,-0.62,0.2012,2527467,2955023935.0,1467867129300,1467867129300,
2019-10-22,"600519",贵州茅台,1170.8,1181.5,1163.89,1178.0,1168.5,2.3,0.1968,0.1537,1930943,2262188262.0,1470756384240,1470756384240,
2019-10-23,"600519",贵州茅台,1158.91,1178.0,1156.11,1168.0,1170.8,-11.89,-1.0155,0.1837,2308021,2684922174.0,1455820192400,1455820192400,
2019-10-24,"600519",贵州茅台,1150.27,1166.0,1147.16,1164.95,1158.91,-8.64,-0.7455,0.2084,2617844,3025245582.0,1444966643410,1444966643410,
2019-10-25,"600519",贵州茅台,1171.35,1172.5,1143.03,1153.3,1150.27,21.08,1.8326,0.207,2599845,3015928985.0,1471447293030,1471447293030,
2019-10-28,"600519",贵州茅台,1178.29,1181.01,1165.0,1166.01,1171.35,6.94,0.5925,0.179,2248599,2644563044.0,1480165305760,1480165305760,
2019-10-29,"600519",贵州茅台,1193.0,1199.96,1177.77,1181.11,1178.29,14.71,1.2484,0.2213,2780371,3314271728.0,1498643975400,1498643975400,
2019-10-30,"600519",贵州茅台,1183.8,1192.7,1176.0,1190.0,1193.0,-9.2,-0.7712,0.1692,2125475,2516524166.0,1487086955640,1487086955640,
2019-10-31,"600519",贵州茅台,1180.01,1198.0,1176.15,1196.0,1183.8,-3.79,-0.3202,0.2063,2590927,3068884874.0,1482325965980,1482325965980,
2019-11-01,"600519",贵州茅台,1185.0,1191.95,1172.5,1181.0,1180.01,4.99,0.4229,0.1816,2281196,2697638375.0,1488594393000,1488594393000,
2019-11-04,"600519",贵州茅台,1199.59,1209.99,1189.0,1190.0,1185.0,14.59,1.2312,0.2128,2673798,3209264033.0,1506922318900,1506922318900,
2019-11-05,"600519",贵州茅台,1199.0,1205.0,1192.0,1199.5,1199.59,-0.59,-0.0492,0.1772,2225472,2667596023.0,1506181162200,1506181162200,
2019-11-06,"600519",贵州茅台,1193.0,1204.0,1188.88,1197.0,1199.0,-6.0,-0.5004,0.1571,1973751,2362005422.0,1498643975400,1498643975400,
2019-11-07,"600519",贵州茅台,1201.37,1201.88,1189.0,1196.51,1193.0,8.37,0.7016,0.1287,1616788,1933203877.0,1509158350990,1509158350990,
2019-11-08,"600519",贵州茅台,1205.0,1215.65,1201.51,1205.0,1201.37,3.63,0.3022,0.1951,2451211,2964133776.0,1513718349000,1513718349000,
2019-11-11,"600519",贵州茅台,1199.0,1206.2,1193.51,1201.5,1205.0,-6.0,-0.4979,0.1381,1734246,2082060830.0,1506181162200,1506181162200,
2019-11-12,"600519",贵州茅台,1201.6,1209.6,1198.21,1204.0,1199.0,2.6,0.2168,0.1524,1915055,2303205539.0,1509447276480,1509447276480,
2019-11-13,"600519",贵州茅台,1224.0,1227.8,1200.0,1207.0,1201.6,22.4,1.8642,0.2546,3197704,3890666569.0,1537586107200,1537586107200,
2019-11-14,"600519",贵州茅台,1230.0,1240.0,1222.0,1227.0,1224.0,6.0,0.4902,0.1872,2352112,2898399700.0,1545123294000,1545123294000,
2019-11-15,"600519",贵州茅台,1224.9,1232.91,1221.5,1230.0,1230.0,-5.1,-0.4146,0.1301,1634072,2003665313.0,1538716685220,1538716685220,
2019-11-18,"600519",贵州茅台,1227.28,1229.45,1218.0,1225.12,1224.9,2.38,0.1943,0.1436,1803766,2204546132.0,1541706435980,1541706435980,
2019-11-19,"600519",贵州茅台,1232.32,1241.61,1225.02,1228.0,1227.28,5.04,0.4107,0.1642,2062375,2542105913.0,1548037672900,1548037672900,
2019-11-20,"600519",贵州茅台,1233.75,1239.51,1228.06,1230.0,1232.32,1.43,0.116,0.1216,1528053,1884957278.0,1549834035750,1549834035750,
2019-11-21,"600519",贵州茅台,1231.3,1235.51,1221.06,1231.0,1233.75,-2.45,-0.1986,0.1527,1918739,2356277766.0,1546756351140,1546756351140,
2019-11-22,"600519",贵州茅台,1194.0,1229.0,1185.0,1223.0,1231.3,-37.3,-3.0293,0.3746,4705428,5677646465.0,1499900173200,1499900173200,
2019-11-25,"600519",贵州茅台,1182.06,1194.0,1172.06,1188.05,1194.0,-11.94,-1.0,0.3047,3828175,4518778939.0,1484901171470,1484901171470,
2019-11-26,"600519",贵州茅台,1185.0,1198.6,1183.0,1186.68,1182.06,2.94,0.2487,0.3203,4023961,4794179893.0,1488594393000,1488594393000,
2019-11-27,"600519",贵州茅台,1189.95,1196.62,1184.51,1192.8,1185.0,4.95,0.4177,0.158,1984881,2363839726.0,1494812572110,1494812572110,
2019-11-28,"600519",贵州茅台,1175.8,1197.51,1169.02,1194.97,1189.95,-14.15,-1.1891,0.2296,2884499,3405325549.0,1477037373240,1477037373240,
2019-11-29,"600519",贵州茅台,1129.0,1165.5,1112.89,1165.5,1175.8,-46.8,-3.9803,0.6559,8239732,9338326554.0,1418247316200,1418247316200,
2019-12-02,"600519",贵州茅台,1133.0,1140.02,1118.2,1118.2,1129.0,4.0,0.3543,0.2451,3078441,3479717421.0,1423272107400,1423272107400,
2019-12-03,"600519",贵州茅台,1118.0,1133.0,1117.74,1133.0,1133.0,-15.0,-1.3239,0.2176,2734093,3066695648.0,1404429140400,1404429140400,
2019-12-04,"600519",贵州茅台,1122.33,1144.66,1118.0,1140.0,1118.0,4.33,0.3873,0.2809,3528308,3980511004.0,1409868476870,1409868476870,
2019-12-05,"600519",贵州茅台,1129.8,1132.01,1118.0,1125.0,1122.33,7.47,0.6656,0.1699,2133879,2402503470.0,1419252274440,1419252274440,
2019-12-06,"600519",贵州茅台,1170.0,1170.0,1130.1,1135.97,1129.8,40.2,3.5582,0.3145,3950626,4565643688.0,1469751426000,1469751426000,
2019-12-09,"600519",贵州茅台,1158.7,1176.0,1156.1,1175.0,1170.0,-11.3,-0.9658,0.1737,2182412,2543532527.0,1455556390860,1455556390860,
2019-12-10,"600519",贵州茅台,1164.4,1165.0,1151.0,1159.6,1158.7,5.7,0.4919,0.1201,1508658,1749356289.0,1462716718320,1462716718320,
2019-12-11,"600519",贵州茅台,1158.98,1170.75,1155.55,1168.0,1164.4,-5.42,-0.4655,0.116,1456799,1689987674.0,1455908126240,1455908126240,
2019-12-12,"600519",贵州茅台,1137.0,1159.94,1130.08,1156.0,1158.98,-21.98,-1.8965,0.2341,2940916,3362699683.0,1428296898600,1428296898600,
2019-12-13,"600519",贵州茅台,1163.0,1165.0,1146.0,1146.0,1137.0,26.0,2.2867,0.2388,3000059,3473927971.0,1460958041400,1460958041400,
2019-12-16,"600519",贵州茅台,1147.92,1163.0,1137.94,1163.0,1163.0,-15.08,-1.2966,0.2463,3093642,3554133640.0,1442014578580,1442014578580,
2019-12-17,"600519",贵州茅台,1169.98,1173.6,1143.03,1149.7,1147.92,22.06,1.9217,0.3393,4261696,4937041950.0,1469726302040,1469726302040,
2019-12-18,"600519",贵州茅台,1168.0,1175.2,1164.0,1174.0,1169.98,-1.98,-0.1692,0.1563,1964009,2295963803.0,1467239030400,1467239030400,
2019-12-19,"600519",贵州茅台,1157.4,1163.0,1152.0,1163.0,1168.0,-10.6,-0.9075,0.1556,1955230,2262598597.0,1453923333720,1453923333720,
2019-12-20,"600519",贵州茅台,1146.3,1162.18,1141.5,1162.18,1157.4,-11.1,-0.959,0.1876,2356384,2703612358.0,1439979538140,1439979538140,
2019-12-23,"600519",贵州茅台,1149.3,1162.5,1136.0,1139.0,1146.3,3.0,0.2617,0.2063,2591918,2981937538.0,1443748131540,1443748131540,
2019-12-24,"600519",贵州茅台,1148.0,1155.0,1145.0,1153.0,1149.3,-1.3,-0.1131,0.0941,1182310,1358536199.0,1442115074400,1442115074400,
2019-12-25,"600519",贵州茅台,1133.7,1143.0,1130.01,1143.0,1148.0,-14.3,-1.2456,0.1935,2430597,2755735164.0,1424151445860,1424151445860,
2019-12-26,"600519",贵州茅台,1135.1,1141.98,1119.99,1132.0,1133.7,1.4,0.1235,0.1821,2287727,2585996501.0,1425910122780,1425910122780,
2019-12-27,"600519",贵州茅台,1163.0,1172.0,1150.0,1150.0,1135.1,27.9,2.4579,0.3747,4706628,5486452901.0,1460958041400,1460958041400,
2019-12-30,"600519",贵州茅台,1185.8,1195.5,1170.2,1170.2,1163.0,22.8,1.9604,0.3245,4076066,4827682057.0,1489599351240,1489599351240,
2019-12-31,"600519",贵州茅台,1183.0,1188.0,1176.51,1183.0,1185.8,-2.8,-0.2361,0.1798,2258881,2666705100.0,1486081997400,1486081997400,
2020-01-02,"600519",贵州茅台,1130.0,1145.06,1116.0,1128.0,1183.0,-53.0,-4.4801,1.1789,14809916,16696837095.0,1419503514000,1419503514000,
2020-01-03,"600519",贵州茅台,1078.56,1117.0,1076.9,1117.0,1130.0,-51.44,-4.5522,1.0374,13031878,14266380596.0,1354884699170,1354884699170,
2020-01-06,"600519",贵州茅台,1077.99,1092.9,1067.3,1070.86,1078.56,-0.57,-0.0528,0.5048,6341478,6853917601.0,1354168666420,1354168666420,
2020-01-07,"600519",贵州茅台,1094.53,1099.0,1076.4,1077.5,1077.99,16.54,1.5343,0.3809,4785359,5220697068.0,1374946178030,1374946178030,
2020-01-08,"600519",贵州茅台,1088.14,1095.5,1082.58,1085.05,1094.53,-6.39,-0.5838,0.1991,2500825,2720371915.0,1366919074090,1366919074090,
2020-01-09,"600519",贵州茅台,1102.7,1105.39,1090.0,1094.0,1088.14,14.56,1.3381,0.2978,3740587,4110949814.0,1385209314060,1385209314060,
2020-01-10,"600519",贵州茅台,1112.5,1115.99,1102.5,1109.0,1102.7,9.8,0.8887,0.2864,3597587,3993457118.0,1397520052500,1397520052500,
2020-01-13,"600519",贵州茅台,1124.27,1129.2,1112.0,1112.5,1112.5,11.77,1.058,0.3066,3851575,4325687959.0,1412305500610,1412305500610,
2020-01-14,"600519",贵州茅台,1107.4,1124.89,1103.0,1124.2,1124.27,-16.87,-1.5005,0.2798,3514465,3916300790.0,1391113443720,1391113443720,
2020-01-15,"600519",贵州茅台,1112.13,1121.6,1105.0,1109.01,1107.4,4.73,0.4271,0.2072,2602911,2895603674.0,1397055259310,1397055259310,
2020-01-16,"600519",贵州茅台,1107.0,1118.87,1102.58,1118.87,1112.13,-5.13,-0.4613,0.1846,2319165,2571593141.0,1390610964600,1390610964600,
2020-01-17,"600519",贵州茅台,1107.5,1112.78,1101.01,1110.0,1107.0,0.5,0.0452,0.1869,2347275,2599645144.0,1391239063500,1391239063500,
2020-01-20,"600519",贵州茅台,1091.0,1111.86,1082.0,1111.86,1107.5,-16.5,-1.4898,0.2817,3539130,3858246844.0,1370511799800,1370511799800,
2020-01-21,"600519",贵州茅台,1075.3,1087.0,1072.3,1081.0,1091.0,-15.7,-1.439,0.2617,3287405,3542441308.0,1350789494340,1350789494340,
2020-01-22,"600519",贵州茅台,1075.51,1084.0,1055.38,1070.0,1075.3,0.21,0.0195,0.2882,3620004,3875275065.0,1351053295880,1351053295880,
2020-01-23,"600519",贵州茅台,1052.8,1076.0,1037.0,1076.0,1075.51,-22.71,-2.1116,0.4256,5346843,5638945742.0,1322525043840,1322525043840,
2020-02-03,"600519",贵州茅台,1003.92,1010.68,980.0,985.0,1052.8,-48.88,-4.6429,0.9827,12344288,12314991759.0,1261122095380,1261122095380,
2020-02-04,"600519",贵州茅台,1038.01,1057.0,1011.01,1015.0,1003.92,34.09,3.3957,0.4985,6262418,6490469043.0,1303945878380,1303945878380,
2020-02-05,"600519",贵州茅台,1049.99,1054.0,1033.03,1050.0,1038.01,11.98,1.1541,0.3775,4741824,4956355235.0,1318995128020,1318995128020,
2020-02-06,"600519",贵州茅台,1071.0,1075.0,1052.02,1059.43,1049.99,21.01,2.001,0.3755,4717121,5011246407.0,1345387843800,1345387843800,
2020-02-07,"600519",贵州茅台,1076.0,1077.0,1061.02,1070.01,1071.0,5.0,0.4669,0.249,3127871,3348894576.0,1351668832800,1351668832800,
2020-02-10,"600519",贵州茅台,1066.49,1074.6,1057.2,1062.0,1076.0,-9.51,-0.8838,0.2431,3053342,3251908506.0,1339722391720,1339722391720,
2020-02-11,"600519",贵州茅台,1098.0,1099.68,1062.8,1063.0,1066.49,31.51,2.9546,0.3815,4791793,5222918915.0,1379305184400,1379305184400,
2020-02-12,"600519",贵州茅台,1097.27,1098.79,1085.88,1089.0,1098.0,-0.73,-0.0665,0.2239,2812543,3072293973.0,1378388160010,1378388160010,
2020-02-13,"600519",贵州茅台,1091.0,1113.89,1088.01,1098.0,1097.27,-6.27,-0.5714,0.2417,3035736,3335277425.0,1370511799800,1370511799800,
2020-02-14,"600519",贵州茅台,1088.0,1093.51,1083.11,1090.45,1091.0,-3.0,-0.275,0.1854,2328760,2534568401.0,1366743206400,1366743206400,
2020-02-17,"600519",贵州茅台,1093.82,1096.19,1082.4,1082.5,1088.0,5.82,0.5349,0.2152,2702822,2946182657.0,1374054277600,1374054277600,
2020-02-18,"600519",贵州茅台,1084.0,1096.88,1083.0,1090.01,1093.82,-9.82,-0.8978,0.2123,2666496,2897729692.0,1361718415200,1361718415200,
2020-02-19,"600519",贵州茅台,1096.5,1101.5,1078.0,1085.0,1084.0,12.5,1.1531,0.2949,3705147,4052365602.0,1377420887700,1377420887700,
2020-02-20,"600519",贵州茅台,1118.0,1124.0,1095.41,1096.7,1096.5,21.5,1.9608,0.3726,4680262,5220660940.0,1404429140400,1404429140400,
2020-02-21,"600519",贵州茅台,1112.88,1123.54,1110.01,1111.46,1118.0,-5.12,-0.458,0.2304,2894008,3225337160.0,1397997407660,1397997407660,
2020-02-24,"600519",贵州茅台,1087.18,1110.0,1085.5,1105.5,1112.88,-25.7,-2.3093,0.3077,3865036,4221857466.0,1365713124200,1365713124200,
2020-02-25,"600519",贵州茅台,1074.81,1082.09,1067.88,1078.0,1087.18,-12.37,-1.1378,0.3056,3838562,4127432130.0,1350173957420,1350173957420,
2020-02-26,"600519",贵州茅台,1073.7,1084.0,1055.0,1062.0,1074.81,-1.11,-0.1033,0.3468,4356097,4663278433.0,1348779577860,1348779577860,
2020-02-27,"600519",贵州茅台,1087.39,1094.99,1076.0,1076.0,1073.7,13.69,1.275,0.2746,3449829,3758783810.0,1365976925740,1365976925740,
2020-02-28,"600519",贵州茅台,1057.0,1082.0,1049.97,1070.3,1087.39,-30.39,-2.7948,0.3976,4994657,5307929213.0,1327801074600,1327801074600,
2020-03-02,"600519",贵州茅台,1086.01,1096.55,1050.01,1050.11,1057.0,29.01,2.7446,0.3794,4766304,5154329159.0,1364243372780,1364243372780,
2020-03-03,"600519",贵州茅台,1113.0,1118.88,1098.0,1098.0,1086.01,26.99,2.4852,0.4,5025015,5585227657.0,1398148151400,1398148151400,
2020-03-04,"600519",贵州茅台,1128.92,1139.0,1116.24,1125.0,1113.0,15.92,1.4304,0.4282,5379299,6080149243.0,1418146820380,1418146820380,
2020-03-05,"600519",贵州茅台,1171.0,1174.99,1130.56,1136.31,1128.92,42.08,3.7275,0.4969,6242645,7210485104.0,1471007623800,1471007623800,
2020-03-06,"600519",贵州茅台,1155.5,1176.0,1151.98,1163.0,1171.0,-15.5,-1.3237,0.2439,3064100,3553622358.0,1451536557900,1451536557900,
2020-03-09,"600519",贵州茅台,1114.01,1135.0,1111.31,1135.0,1155.5,-41.49,-3.5907,0.3455,4340409,4865288500.0,1399416911180,1399416911180,
2020-03-10,"600519",贵州茅台,1156.0,1168.0,1113.0,1113.0,1114.01,41.99,3.7693,0.4622,5806293,6635936156.0,1452164656800,1452164656800,
2020-03-11,"600519",贵州茅台,1158.52,1169.58,1141.0,1155.5,1156.0,2.52,0.218,0.283,3554757,4124607952.0,1455330275260,1455330275260,
2020-03-12,"600519",贵州茅台,1138.5,1153.0,1125.1,1141.22,1158.52,-20.02,-1.7281,0.2916,3663063,4172606105.0,1430181195300,1430181195300,
2020-03-13,"600519",贵州茅台,1112.03,1128.98,1080.0,1090.0,1138.5,-26.47,-2.325,0.6041,7588531,8348496480.0,1396929639530,1396929639530,
2020-03-16,"600519",贵州茅台,1067.0,1107.95,1062.0,1103.98,1112.03,-45.03,-4.0494,0.4078,5123254,5548946745.0,1340363052600,1340363052600,
2020-03-17,"600519",贵州茅台,1045.1,1078.0,1011.12,1055.0,1067.0,-21.9,-2.0525,0.6317,7935912,8277472787.0,1312852320780,1312852320780,
2020-03-18,"600519",贵州茅台,1007.99,1060.0,1007.99,1040.0,1045.1,-37.11,-3.5509,0.5848,7345988,7582762547.0,1266234820420,1266234820420,
2020-03-19,"600519",贵州茅台,996.0,1015.0,960.1,993.99,1007.99,-11.99,-1.1895,0.8141,10226507,10075880470.0,1251173008800,1251173008800,
2020-03-20,"600519",贵州茅台,1035.28,1043.0,1011.0,1011.0,996.0,39.28,3.9438,0.4787,6013919,6169094444.0,1300516458380,1300516458380,
2020-03-23,"600519",贵州茅台,1019.0,1035.28,991.52,1000.0,1035.28,-16.28,-1.5725,0.3859,4847210,4918121944.0,1280065558200,1280065558200,
2020-03-24,"600519",贵州茅台,1056.0,1058.88,1035.0,1043.0,1019.0,37.0,3.631,0.3714,4665096,4900364144.0,1326544876800,1326544876800,
2020-03-25,"600519",贵州茅台,1080.1,1091.36,1074.2,1087.98,1056.0,24.1,2.2822,0.2949,3704866,4015061222.0,1356819243780,1356819243780,
2020-03-26,"600519",贵州茅台,1064.92,1091.2,1062.0,1073.33,1080.1,-15.18,-1.4054,0.2392,3004856,3231754298.0,1337750161180,1337750161180,
2020-03-27,"600519",贵州茅台,1075.5,1092.0,1075.01,1085.0,1064.92,10.58,0.9935,0.2887,3626112,3931759353.0,1351040733900,1351040733900,
2020-03-30,"600519",贵州茅台,1072.0,1077.0,1057.0,1060.25,1075.5,-3.5,-0.3254,0.2443,3068741,3279823025.0,1346644041600,1346644041600,
2020-03-31,"600519",贵州茅台,1111.0,1115.0,1081.8,1082.0,1072.0,39.0,3.6381,0.382,4798437,5293170703.0,1395635755800,1395635755800,
2020-04-01,"600519",贵州茅台,1103.0,1129.0,1103.0,1117.0,1111.0,-8.0,-0.7201,0.2643,3320535,3700184247.0,1385586173400,1385586173400,
